{
  "hash": "d707bd6194246e68586f1cf0fde542bc",
  "result": {
    "markdown": "---\ntitle: \"quarto_project\"\n---\n\n\n\n## Quarto\n\nQuarto enables you to weave together content and executable code into a finished document. To learn more about Quarto see <https://quarto.org>.\n\n\n\n::: {.cell}\n\n```{.r .cell-code}\n1 + 1\n```\n\n::: {.cell-output .cell-output-stdout}\n```\n[1] 2\n```\n:::\n:::\n",
    "supporting": [
      "quarto_project_files"
    ],
    "filters": [
      "rmarkdown/pagebreak.lua"
    ],
    "includes": {},
    "engineDependencies": {},
    "preserve": null,
    "postProcess": false
  }
}