{
  "hash": "f89d2cae73031aafc1d0dc4ae48f295e",
  "result": {
    "markdown": "# Preface {.unnumbered}\n\nThis is a Quarto book.\n\nTo learn more about Quarto books visit <https://quarto.org/docs/books>.\n\n\n::: {.cell}\n\n```{.r .cell-code}\n1 + 1\n```\n\n::: {.cell-output .cell-output-stdout}\n```\n[1] 2\n```\n:::\n:::\n",
    "supporting": [],
    "filters": [
      "rmarkdown/pagebreak.lua"
    ],
    "includes": {},
    "engineDependencies": {},
    "preserve": {},
    "postProcess": true
  }
}